VendorName,ContactName,Email,Phone,BillTo_Line1,BillTo_Line2,BillTo_City,BillTo_State,BillTo_Zip,BillTo_Country,Terms
Whole Herb Company,Joseph Lichens,jlichens@wholeherbcompany.com,831-320-9965,P.O. BOX 1203,,Sonoma,CA,95476,USA,NET 45
Motovotano LLC,James Mackness,james@motovotano.com,360-399-1096,12756 Quantum Lane,Unit 8-30,Anacortes,WA,98221,USA,NET 45
GS Haly,MO,mo@gshaly.com,,156 Arch St,,Redwood City,CA,94062,USA,NET 30
Brick West Brewing Co.,,brian@brickwestbrewingco.com,509-279-2982,1318 W 1st,Ste 1,Spokane,WA,99201,USA,NET 30
Monterey Bay Herb Company,,agraham@herbco.com,831-722-3400,241 Walker St.,,Watsonville,CA,95076,USA,NET 30
Blue Grace Logistics,,,813-641-0357,Dept. 108 P.O Box 4964,,Houston,Texas,77210-4964,USA,NET 30
Flavor Dynamics,Lonna Meagher,lonnam@flavordynamics.com,626-364-9898,640 Montrose Avenue,,South Plainfield,New Jersey,7080,USA,
Adagio Teas Wholesale,,,,170 Kipp Ave,Building 28-1,Elmwood Park,NJ,7407,USA,
Aiya America,,accounting@aiya-america.com,3102121395,3530 Voyager St,Unit B-3,Torrance,California,90503,USA,NET 30
Nature's Flavors,Andrew Herrera,,714-744-3700,833 N. Elm St,,Orange,California,92867,USA,
Specialty Bottle,,,,3434 4th Avenue S,,Seattle,WA,98134,USA,
TricorBraun Flex,Greg Baker,,8772247496,P.O. BOX 743214,,Los Angeles,California,90074,USA,